Precision,Recall,mAP50,mAP50_95
0.6573415820514352,0.72,0.6286533257122533,0.26885423038574446
